claim_id,claim,theorem_or_lemma,proof_or_checker,source_or_test,experiment,figure_or_table,raw_result,maturity,fresh_recheck,independent_recheck
C1,Affine counter equality is target exact-once equality,Lemma 1,proofs/arguments.md section 1,src/pcs/model.py,validate.py,Notation and model,results/validation-cases.json,proved on paper; finite-checked implementation,2026-09-25,no
C2,Nonnegative mask-aware defect is B+T-2C+2Q,Theorem 2,proofs/arguments.md section 2,producer.py; checker.py; oracle.py,validate.py,Fig. 1; Table I,results/ablations.json,proved on paper; finite checked,2026-09-25,no
C3,Masked CRT counts have exact Euclidean transcripts,Lemmas 3-5,proofs/arguments.md sections 3-4,floor and CRT exhaustive oracles,validate.py,Table II,results/validation.json,proved on paper; component finite checked,2026-09-25,no
C4,Successful full verification proves declared epoch-target coverage,Theorem 6,proofs/arguments.md section 5; src/pcs/checker.py,finite plan and transcript faults,pilot.py; validate.py; regress.py,Tables II-III,results/validation-cases.json; results/regression.json,proved mathematical rules; implementation not mechanized,2026-09-25,no
C5,Full and adjacent-prefix certificates establish least canonical witness,Theorem 7,proofs/arguments.md section 6; checker.py check_witness,146 retained witnesses; examples/witness; scripts/repair_checks.py,validate.py; regress.py,Fig. 1,results/validation.json; examples/witness/; results/repair-checks.json,proved on paper; finite checked,2026-09-25,no
C6,Circuit-defined two-round Feistel safety captures circuit unsatisfiability,Theorem 8,proofs/arguments.md section 7,all Boolean functions on 1-3 bits,validate.py,Fig. 2; Table II,results/feistel-cases.json,proved reduction; finite construction check,2026-09-25,no
C7,303 affine cases agree across symbolic and exact finite audits,not a general theorem,scripts/validate.py,retained cases/validation.json,validate.py,Table II,results/validation.json; results/validation-cases.json,measured finite evidence,2026-09-25,no
C8,Large mask-boundary case completes after empty-lattice optimization,Theorem 6 does not imply a runtime bound,scripts/boundary.py,cases/boundary.json,boundary.py,Table III,results/boundary.json; results/boundary-certificate.jsonl; results/resource-failure.json; results/evidence-map.json,one measured execution; not workload performance,2026-09-25,no
C9,Anchor motivation is not a ZMap compatibility result,not applicable,external_resources.csv,Ten Years of ZMap sections 4.1-4.2,none,Section I,stable DOI in external_resources.csv,source-verified scope,2026-09-15,no
C10,Original-research novelty and journal readiness,unresolved,README.md scope and provenance,Only two full sources read,no comparative solver study,Section VIII,README.md limitations,not established; excluded from success claims,2026-09-15,no
C11,"Recovered six-page paper, two-page protocol, implementation and evidence share one guarded-affine model; pcs-v2 is mismatched",identity/recovery decision,project.json; docs/identity.md; docs/recovery-audit.md; scripts/audit_identity.py,schema/title/source/evidence comparison,not an experiment,document identity,project.json; docs/recovery-audit.md; results/identity-audit.json,source-audited lineage decision; actual-author metadata still held,2026-09-25,no
C12,Six semantics-sensitive controls agree with the recovered mask/epoch/exclusion/history model,Theorem 2 semantics,scripts/repair_checks.py,empty authorization; empty row; exclusion-only overlap; disjoint guards; cross-epoch reuse; declared history,repair-specific finite recheck,Table I semantics,results/repair-checks.json,finite checked; not part of original Table-II count,2026-09-25,no
C13,Checker arithmetic is separately implemented from producer arithmetic but shares parser/schema/limits and Python integers,implementation separation claim,src/pcs/checker.py; src/pcs/producer.py,AST import audit plus malformed transcript controls,scripts/repair_checks.py,Section VI implementation disclosure,results/repair-checks.json,source-audited implementation separation; not independent-team or formal noninterference,2026-09-25,no
C14,"Public check returns 0 safe, 1 valid unsafe and 2 malformed/unsupported; explicit oracle accepts 2^20 and rejects 2^20+1",CLI and supported-format contract,src/pcs/cli.py; src/pcs/oracle.py; src/pcs/model.py,subprocess and boundary-plus-one checks,scripts/repair_checks.py,Artifact Protocol,results/repair-checks.json,finite checked public-interface contract,2026-09-25,no
C15,Table-II/III counts map to retained actual comparisons and exact large-case assets,evidence-map audit,scripts/audit_evidence.py,retained cases/results/certificate/failure files,read-only evidence audit,Tables II-III,results/evidence-map.json; docs/evidence-map.md,source-mapped retained evidence; no relabeling of new runs,2026-09-25,no
C16,Standalone artifact Python runtime/test code imports no third-party package and no matplotlib,dependency contract,scripts/audit_dependencies.py,AST import audit over pcs.py; src; scripts; tests,clean repair recheck,Artifact Protocol reproduction,results/dependency-audit.json,static source audit; TeX build has separate documented dependencies,2026-09-25,no
C17,"Documented symbolic, row, interval, epoch, input, line, certificate-total, transcript-integer and explicit-oracle limits accept their exact boundary and reject boundary+1",supported-format contract,src/pcs/model.py; scripts/repair_checks.py,bounded malformed inputs and public streaming-reader checks,repair-specific finite recheck,Artifact Protocol limits,results/repair-checks.json,finite checked format contract; not universal runtime completeness,2026-09-26,no
C18,Clean standalone recheck leaves the extraction unchanged and matches retained scientific evidence,scientific reproduction contract,scripts/reproduce.py,private temporary staging; outer process-group timeout; byte and semantic comparisons,full clean recheck,Artifact Protocol reproduction,results/clean-recheck.json,fresh clean recheck; timings are new observations,2026-09-26,no
